,Link
0,/ci/engine/match/1298135.html
1,/ci/engine/match/1298136.html
2,/ci/engine/match/1298137.html
3,/ci/engine/match/1298138.html
4,/ci/engine/match/1298139.html
5,/ci/engine/match/1298140.html
6,/ci/engine/match/1298141.html
7,/ci/engine/match/1298142.html
8,/ci/engine/match/1298143.html
9,/ci/engine/match/1298144.html
10,/ci/engine/match/1298145.html
11,/ci/engine/match/1298146.html
12,/ci/engine/match/1298147.html
13,/ci/engine/match/1298148.html
14,/ci/engine/match/1298149.html
15,/ci/engine/match/1298150.html
16,/ci/engine/match/1298151.html
17,/ci/engine/match/1298152.html
18,/ci/engine/match/1298153.html
19,/ci/engine/match/1298154.html
20,/ci/engine/match/1298155.html
21,/ci/engine/match/1298156.html
22,/ci/engine/match/1298157.html
23,/ci/engine/match/1298158.html
24,/ci/engine/match/1298159.html
25,/ci/engine/match/1298160.html
26,/ci/engine/match/1298161.html
27,/ci/engine/match/1298162.html
28,/ci/engine/match/1298163.html
29,/ci/engine/match/1298164.html
30,/ci/engine/match/1298165.html
31,/ci/engine/match/1298166.html
32,/ci/engine/match/1298167.html
33,/ci/engine/match/1298168.html
34,/ci/engine/match/1298169.html
35,/ci/engine/match/1298170.html
36,/ci/engine/match/1298171.html
37,/ci/engine/match/1298172.html
38,/ci/engine/match/1298173.html
39,/ci/engine/match/1298174.html
40,/ci/engine/match/1298175.html
41,/ci/engine/match/1298176.html
42,/ci/engine/match/1298177.html
43,/ci/engine/match/1298178.html
44,/ci/engine/match/1298179.html
